{
  "stage1": "sincnet_multi",
  "stage2": "cnn_mel",
  "t_sinc": 0.33196401596069336,
  "t_mel": 0.5903796553611755,
  "n_stream_windows": 7831,
  "n_test_clips": 1393,
  "lambdas": [
    0.0,
    0.01,
    0.02,
    0.03,
    0.04,
    0.05,
    0.06,
    0.07,
    0.08,
    0.09,
    0.1,
    0.11,
    0.12,
    0.13,
    0.14,
    0.15,
    0.16,
    0.17,
    0.18,
    0.19,
    0.2,
    0.21,
    0.22,
    0.23,
    0.24,
    0.25,
    0.26,
    0.27,
    0.28,
    0.29,
    0.3,
    0.31,
    0.32,
    0.33,
    0.34,
    0.35000000000000003,
    0.36,
    0.37,
    0.38,
    0.39,
    0.4,
    0.41000000000000003,
    0.42,
    0.43,
    0.44,
    0.45,
    0.46,
    0.47000000000000003,
    0.48,
    0.49,
    0.5,
    0.51,
    0.52,
    0.53,
    0.54,
    0.55,
    0.56,
    0.5700000000000001,
    0.58,
    0.59,
    0.6,
    0.61,
    0.62,
    0.63,
    0.64,
    0.65,
    0.66,
    0.67,
    0.68,
    0.6900000000000001,
    0.7000000000000001,
    0.71,
    0.72,
    0.73,
    0.74,
    0.75,
    0.76,
    0.77,
    0.78,
    0.79,
    0.8,
    0.81,
    0.8200000000000001,
    0.8300000000000001,
    0.84,
    0.85,
    0.86,
    0.87,
    0.88,
    0.89,
    0.9,
    0.91,
    0.92,
    0.93,
    0.9400000000000001,
    0.9500000000000001,
    0.96,
    0.97,
    0.98,
    0.99,
    1.0
  ],
  "pct_stream": [
    0.5618694930404802,
    0.5618694930404802,
    0.5618694930404802,
    0.5618694930404802,
    0.5618694930404802,
    0.5618694930404802,
    0.5618694930404802,
    0.5618694930404802,
    0.5618694930404802,
    0.5618694930404802,
    0.5618694930404802,
    0.5618694930404802,
    0.5618694930404802,
    0.5618694930404802,
    0.5618694930404802,
    0.5618694930404802,
    0.5618694930404802,
    0.5618694930404802,
    0.5618694930404802,
    0.5618694930404802,
    0.5618694930404802,
    0.5618694930404802,
    0.5618694930404802,
    0.5618694930404802,
    0.5618694930404802,
    0.5618694930404802,
    3.728770271995914,
    3.728770271995914,
    3.728770271995914,
    3.728770271995914,
    3.728770271995914,
    3.728770271995914,
    3.728770271995914,
    3.728770271995914,
    3.728770271995914,
    3.728770271995914,
    3.728770271995914,
    3.728770271995914,
    3.728770271995914,
    3.728770271995914,
    3.728770271995914,
    5.45268803473375,
    5.45268803473375,
    5.45268803473375,
    5.45268803473375,
    5.45268803473375,
    5.45268803473375,
    5.45268803473375,
    5.45268803473375,
    5.45268803473375,
    5.45268803473375,
    6.423189886349125,
    6.423189886349125,
    6.423189886349125,
    6.423189886349125,
    6.423189886349125,
    6.423189886349125,
    6.423189886349125,
    6.423189886349125,
    6.423189886349125,
    6.423189886349125,
    6.423189886349125,
    6.423189886349125,
    6.423189886349125,
    6.423189886349125,
    6.423189886349125,
    6.423189886349125,
    6.423189886349125,
    6.7168943940748305,
    6.7168943940748305,
    6.7168943940748305,
    11.199080577193206,
    11.199080577193206,
    11.199080577193206,
    11.199080577193206,
    11.199080577193206,
    11.199080577193206,
    11.199080577193206,
    11.199080577193206,
    11.199080577193206,
    11.199080577193206,
    11.199080577193206,
    11.199080577193206,
    29.728004086323583,
    30.83897331119908,
    30.83897331119908,
    30.83897331119908,
    30.83897331119908,
    30.83897331119908,
    30.83897331119908,
    30.83897331119908,
    30.83897331119908,
    42.34452815732346,
    42.34452815732346,
    42.34452815732346,
    42.34452815732346,
    45.90729153364832,
    45.90729153364832,
    78.62341974205083,
    79.82377729536458,
    100.0
  ],
  "pct_test": [
    1.0768126346015794,
    1.0768126346015794,
    1.0768126346015794,
    1.0768126346015794,
    1.0768126346015794,
    1.0768126346015794,
    1.0768126346015794,
    1.0768126346015794,
    1.0768126346015794,
    1.0768126346015794,
    1.0768126346015794,
    1.0768126346015794,
    1.0768126346015794,
    1.0768126346015794,
    1.0768126346015794,
    1.0768126346015794,
    1.0768126346015794,
    1.0768126346015794,
    1.0768126346015794,
    1.0768126346015794,
    1.0768126346015794,
    1.0768126346015794,
    1.0768126346015794,
    1.0768126346015794,
    1.0768126346015794,
    1.0768126346015794,
    2.9432878679109833,
    2.9432878679109833,
    2.9432878679109833,
    2.9432878679109833,
    2.9432878679109833,
    2.9432878679109833,
    2.9432878679109833,
    2.9432878679109833,
    2.9432878679109833,
    2.9432878679109833,
    2.9432878679109833,
    2.9432878679109833,
    2.9432878679109833,
    2.9432878679109833,
    2.9432878679109833,
    5.7430007178750895,
    5.7430007178750895,
    5.7430007178750895,
    5.7430007178750895,
    5.7430007178750895,
    5.7430007178750895,
    5.7430007178750895,
    5.7430007178750895,
    5.7430007178750895,
    5.7430007178750895,
    6.101938262742283,
    6.101938262742283,
    6.101938262742283,
    6.101938262742283,
    6.101938262742283,
    6.101938262742283,
    6.101938262742283,
    6.101938262742283,
    6.101938262742283,
    6.101938262742283,
    6.101938262742283,
    6.101938262742283,
    6.101938262742283,
    6.101938262742283,
    6.101938262742283,
    6.101938262742283,
    6.101938262742283,
    6.74802584350323,
    6.74802584350323,
    6.74802584350323,
    7.537688442211055,
    7.537688442211055,
    7.537688442211055,
    7.537688442211055,
    7.537688442211055,
    7.537688442211055,
    7.537688442211055,
    7.537688442211055,
    7.537688442211055,
    7.537688442211055,
    7.537688442211055,
    7.537688442211055,
    13.5678391959799,
    13.711414213926776,
    13.711414213926776,
    13.711414213926776,
    13.711414213926776,
    13.711414213926776,
    13.711414213926776,
    13.711414213926776,
    13.711414213926776,
    15.07537688442211,
    15.07537688442211,
    15.07537688442211,
    15.07537688442211,
    18.73653984206748,
    18.73653984206748,
    19.81335247666906,
    23.043790380473798,
    100.0
  ],